<application>
  <component name="FeatureSuggesterSettings">
    <option name="workingDays">
      <list>
        <option value="1652853509369" />
        <option value="1652968484926" />
        <option value="1653553126905" />
        <option value="1653641059194" />
        <option value="1653822129156" />
        <option value="1653907714241" />
        <option value="1654162543457" />
        <option value="1654241545249" />
        <option value="1654350328426" />
        <option value="1654437330573" />
        <option value="1654496511313" />
        <option value="1654583154730" />
        <option value="1654664154603" />
        <option value="1654756276556" />
        <option value="1654840935991" />
        <option value="1655101120898" />
        <option value="1655188292961" />
        <option value="1655271571966" />
        <option value="1655368138569" />
        <option value="1655728719113" />
        <option value="1655801913877" />
        <option value="1655871179484" />
        <option value="1655960893547" />
        <option value="1656053337757" />
        <option value="1656327794060" />
        <option value="1656399717949" />
        <option value="1656486830801" />
        <option value="1656568712460" />
        <option value="1656655799831" />
        <option value="1657118648314" />
      </list>
    </option>
  </component>
</application>