<application>
  <component name="ProjectManager">
    <defaultProject>
      <component name="ProjectLevelVcsManager">
        <ConfirmationsSetting value="1" id="Add" />
        <ConfirmationsSetting value="1" id="Remove" />
      </component>
      <component name="ProjectViewState">
        <option name="autoscrollFromSource" value="true" />
        <option name="showLibraryContents" value="true" />
      </component>
      <component name="PropertiesComponent"><![CDATA[{
  "keyToString": {
    "settings.editor.selected.configurable": "preferences.pluginManager"
  }
}]]></component>
      <component name="SvnConfiguration">
        <configuration>$USER_HOME$/.subversion</configuration>
      </component>
    </defaultProject>
  </component>
</application>